0.804878,1.jpg
0.570732,2.jpg
0.278049,3.jpg
1.2,4.jpg
0.702439,5.jpg
1.317073,6.jpg
0.35122,7.jpg
0.614634,8.jpg
0.819512,9.jpg
0.6,10.jpg
0.35122,11.jpg
0.878049,12.jpg
0.980488,13.jpg
1.756098,14.jpg
1.046512,15.jpg
0.32093,16.jpg
0.362791,17.jpg
0.418605,18.jpg
0.348837,19.jpg
0.195349,20.jpg
0.502326,21.jpg
0.795349,22.jpg
0.697674,23.jpg
0.669767,24.jpg
0.697674,25.jpg
0.6,26.jpg
0.293023,27.jpg
0.460465,28.jpg
0.669767,29.jpg
0.620192,30.jpg
0.302885,31.jpg
0.634615,32.jpg
0.317308,33.jpg
0.403846,34.jpg
0.923077,35.jpg
0.649038,36.jpg
0.692308,37.jpg
0.605769,38.jpg
0.447115,39.jpg
0.5625,40.jpg
0.331731,41.jpg
0.201923,42.jpg
0.594828,43.jpg
0.827586,44.jpg
0.931034,45.jpg
0.956897,46.jpg
1.086207,47.jpg
0.310345,48.jpg
0.646552,49.jpg
0.543103,50.jpg
1.991379,51.jpg
0.646552,52.jpg
0.646552,53.jpg
0.491379,54.jpg
0.439655,55.jpg
0.517241,56.jpg
0.206897,57.jpg
0.336207,58.jpg
0.775862,59.jpg
0.387931,60.jpg
0.556034,61.jpg
0.142241,62.jpg
0.517241,63.jpg
0.724138,64.jpg
0.284483,65.jpg
0.853448,66.jpg
0.50431,67.jpg
0.271552,68.jpg
1.034483,69.jpg
0.827586,70.jpg
1.2,71.jpg
0.15,72.jpg
0.78,73.jpg
0.66,74.jpg
0.48,75.jpg
0.340288,76.jpg
0.603702,77.jpg
0.80858,78.jpg
0.621598,79.jpg
0.340288,80.jpg
0.867117,81.jpg
0.969556,82.jpg
1.745166,83.jpg
1.03558,84.jpg
0.309998,85.jpg
0.351859,86.jpg
0.407673,87.jpg
0.337905,88.jpg
0.184417,89.jpg
0.491394,90.jpg
0.784417,91.jpg
0.686742,92.jpg
0.658835,93.jpg
0.686742,94.jpg
0.589068,95.jpg
0.282091,96.jpg
0.449533,97.jpg
0.658835,98.jpg
0.60926,99.jpg
0.291953,100.jpg
0.623683,101.jpg
0.306376,102.jpg
0.392914,103.jpg
0.912145,104.jpg
0.638106,105.jpg
0.681376,106.jpg
0.594837,107.jpg
0.436183,108.jpg
0.551568,109.jpg
0.320799,110.jpg
0.190991,111.jpg
0.583896,112.jpg
0.816654,113.jpg
0.920102,114.jpg
1.768141,115.jpg
1.058555,116.jpg
0.332973,117.jpg
0.374834,118.jpg
0.430648,119.jpg
0.36088,120.jpg
0.207392,121.jpg
0.514369,122.jpg
0.807392,123.jpg
0.709717,124.jpg
0.68181,125.jpg
0.709717,126.jpg
0.612043,127.jpg
0.305066,128.jpg
0.472508,129.jpg
0.68181,130.jpg
0.632235,131.jpg
0.314928,132.jpg
0.646658,133.jpg
0.329351,134.jpg
0.415889,135.jpg
0.93512,136.jpg
0.661081,137.jpg
0.704351,138.jpg
0.617812,139.jpg
0.459158,140.jpg
0.574543,141.jpg
0.343774,142.jpg
0.213966,143.jpg
0.606871,144.jpg
0.839629,145.jpg
0.943077,146.jpg
0.96894,147.jpg
1.09825,148.jpg
0.322388,149.jpg
0.658595,150.jpg
0.555146,151.jpg
2.003422,152.jpg
0.658595,153.jpg
0.658595,154.jpg
0.503422,155.jpg
0.451698,156.jpg
0.529284,157.jpg
0.21894,158.jpg
0.34825,159.jpg
0.787905,160.jpg
0.399974,161.jpg
0.568077,162.jpg
0.154284,163.jpg
0.529284,164.jpg
0.736181,165.jpg
0.296526,166.jpg
0.865491,167.jpg
0.516353,168.jpg
0.283595,169.jpg
1.046526,170.jpg
0.839629,171.jpg
1.212043,172.jpg
0.169532,173.jpg
0.739843,174.jpg
0.635379,175.jpg
0.492043,176.jpg
0.714482,177.jpg
1.329116,178.jpg
0.363263,179.jpg
0.626677,180.jpg
0.831555,181.jpg
0.644573,182.jpg
0.363263,183.jpg
0.890092,184.jpg
0.992531,185.jpg
1.768141,186.jpg
1.058555,187.jpg
0.129901,188.jpg
0.504901,189.jpg
0.711798,190.jpg
0.272143,191.jpg
0.841108,192.jpg
0.49197,193.jpg
0.259212,194.jpg
1.022143,195.jpg
0.815246,196.jpg
1.18766,197.jpg
0.145149,198.jpg
0.71546,199.jpg
0.610996,200.jpg
